Anbieter,Anlagen Name,Technologie,Technologie einfach,Anlagenkennzeichnung BNetzA,Inbetriebnahme,Land,Standort,Bundesland, Eigentümer (Struktur),Betreiber,"Instalierte Leistung (Kw)
(Höchstleistung)",Bezogene Strommenge ,Einheit,Anlage EEG gefördert?
Greenpeace Energy,Alpenrose,Laufwasserkraftwerk,Wasser,,1990,Österreich,,,oekostrom Handels GmbH,oekostrom Handels GmbH,150,,,
Greenpeace Energy,Aselkam,Laufwasserkraftwerk,Wasser,,2012,Österreich,,,oekostrom Handels GmbH,oekostrom Handels GmbH,220,,,
Greenpeace Energy,Direktionsbrücke,Laufwasserkraftwerk,Wasser,,2012,Österreich,,,oekostrom Handels GmbH,oekostrom Handels GmbH,570,,,
Greenpeace Energy,Dorferalm,Laufwasserkraftwerk,Wasser,,2008,Österreich,,,oekostrom Handels GmbH,oekostrom Handels GmbH,570,,,
Greenpeace Energy,Feldkirchen,Laufwasserkraftwerk,Wasser,,1970,Deutschland,,Bayern,VERBUND Innkraftwerke GmbH,VERBUND Innkraftwerke GmbH,38200,,,
Greenpeace Energy,Flitzenbach,Laufwasserkraftwerk,Wasser,,2013,Österreich,,,oekostrom Handels GmbH,oekostrom Handels GmbH,610,,,
Greenpeace Energy,Fuscher Ache 2,Laufwasserkraftwerk,Wasser,,1970,Österreich,,,oekostrom Handels GmbH,oekostrom Handels GmbH,340,,,
Greenpeace Energy,Gaalbach Gaal,Laufwasserkraftwerk,Wasser,,2008,Österreich,,,oekostrom Handels GmbH,oekostrom Handels GmbH,375,,,
Greenpeace Energy,Grießbach,Laufwasserkraftwerk,Wasser,,2011,Österreich,,,oekostrom Handels GmbH,oekostrom Handels GmbH,260,,,
Greenpeace Energy,Grödig-2 AlmKW Schützenstr.,Laufwasserkraftwerk,Wasser,,2003,Österreich,,,oekostrom Handels GmbH,oekostrom Handels GmbH,95,,,
Greenpeace Energy,Hoheneich,Laufwasserkraftwerk,Wasser,,1989,Österreich,,,oekostrom Handels GmbH,oekostrom Handels GmbH,117,,,
Greenpeace Energy,Hubalpenbach,Laufwasserkraftwerk,Wasser,,1985,Österreich,,,oekostrom Handels GmbH,oekostrom Handels GmbH,1800,,,
Greenpeace Energy,Klappacher,Laufwasserkraftwerk,Wasser,,1993,Österreich,,,oekostrom Handels GmbH,oekostrom Handels GmbH,155,,,
Greenpeace Energy,Ködnitzbach Oberstufe,Laufwasserkraftwerk,Wasser,,1992,Österreich,,,oekostrom Handels GmbH,oekostrom Handels GmbH,213,,,
Greenpeace Energy,Ködnitzbach USt. u. Medlbach,Laufwasserkraftwerk,Wasser,,1998,Österreich,,,oekostrom Handels GmbH,oekostrom Handels GmbH,564,,,
Greenpeace Energy,Kristeinbach (Werk 3),Laufwasserkraftwerk,Wasser,,1973,Österreich,,,oekostrom Handels GmbH,oekostrom Handels GmbH,2550,,,
Greenpeace Energy,Lenz ,Laufwasserkraftwerk,Wasser,,1990,Österreich,,,oekostrom Handels GmbH,oekostrom Handels GmbH,75,,,
Greenpeace Energy,Lorenzerbach II,Laufwasserkraftwerk,Wasser,,2011,Österreich,,,oekostrom Handels GmbH,oekostrom Handels GmbH,1040,,,
Greenpeace Energy,Märzenbach,Laufwasserkraftwerk,Wasser,,2009,Österreich,,,oekostrom Handels GmbH,oekostrom Handels GmbH,2269,,,
Greenpeace Energy,Melk,Laufwasserkraftwerk,Wasser,,1982,Österreich,,,VERBUND Hydro Power GmbH,VERBUND Hydro Power GmbH,187000,,,
Greenpeace Energy,Mödringbach,Laufwasserkraftwerk,Wasser,,2012,Österreich,,,Next Kraftwerke GmbH,Next Kraftwerke GmbH,620,,,
Greenpeace Energy,Neubruck,Laufwasserkraftwerk,Wasser,,2010,Österreich,,,Next Kraftwerke GmbH,Next Kraftwerke GmbH,1200,,,
Greenpeace Energy,Oismühle,Laufwasserkraftwerk,Wasser,,2007,Österreich,,,oekostrom Handels GmbH,oekostrom Handels GmbH,1500,,,
Greenpeace Energy,Reding,Laufwasserkraftwerk,Wasser,,1984,Österreich,,,Next Kraftwerke GmbH,Next Kraftwerke GmbH,320,,,
Greenpeace Energy,Schönbergbach,Laufwasserkraftwerk,Wasser,,2012,Österreich,,,oekostrom Handels GmbH,oekostrom Handels GmbH,160,,,
Greenpeace Energy,"Thalerbach (Stufe 1, M1)",Laufwasserkraftwerk,Wasser,,1964,Österreich,,,oekostrom Handels GmbH,oekostrom Handels GmbH,1100,,,
Greenpeace Energy,Thalerbach (Stufe 2),Laufwasserkraftwerk,Wasser,,2005,Österreich,,,oekostrom Handels GmbH,oekostrom Handels GmbH,1530,,,
Greenpeace Energy,Thalerbach OSt Fassungsbereich der Stufe 1,Laufwasserkraftwerk,Wasser,,1964,Österreich,,,oekostrom Handels GmbH,oekostrom Handels GmbH,1080,,,
Greenpeace Energy,Triebentalbach,Laufwasserkraftwerk,Wasser,,2006,Österreich,,,oekostrom Handels GmbH,oekostrom Handels GmbH,1820,,,
Greenpeace Energy,Turrachbach,Laufwasserkraftwerk,Wasser,,2013,Österreich,,,Next Kraftwerke GmbH,Next Kraftwerke GmbH,1660,,,
Greenpeace Energy,Villach (AHP) 1,Laufwasserkraftwerk,Wasser,,1984,Österreich,,,VERBUND Hydro Power GmbH,VERBUND Hydro Power GmbH,24600,,,
Greenpeace Energy,Vorfusch,Laufwasserkraftwerk,Wasser,,1986,Österreich,,,oekostrom Handels GmbH,oekostrom Handels GmbH,600,,,
Greenpeace Energy,Waidhofen an der Ybbs,Laufwasserkraftwerk,Wasser,,2011,Österreich,,,oekostrom Handels GmbH,oekostrom Handels GmbH,5300,,,
Greenpeace Energy,Windache,Laufwasserkraftwerk,Wasser,,2005,Österreich,,,Next Kraftwerke GmbH,Next Kraftwerke GmbH,2690,,,
Greenpeace Energy,Breitsprecher,Windenergieanlagen,Wind,,2004,Österreich,,,oekostrom Handels GmbH,oekostrom Handels GmbH,3600,,,
Greenpeace Energy,Bruck/Leitha (WEA 1-5),Windenergieanlagen,Wind,,2000,Österreich,,,VERBUND Renewable Power GmbH,VERBUND Renewable Power GmbH,9000,,,
Greenpeace Energy,Enzinger,Windenergieanlagen,Wind,,1996,Österreich,,,oekostrom Handels GmbH,oekostrom Handels GmbH,200,,,
Greenpeace Energy,Eschenau,Windenergieanlagen,Wind,,2000,Österreich,,,oekostrom Handels GmbH,oekostrom Handels GmbH,1000,,,
Greenpeace Energy,Freudenau (oekostrom Produktions GmbH),Windenergieanlagen,Wind,,1998,Österreich,,,oekostrom Handels GmbH,oekostrom Handels GmbH,600,,,
Greenpeace Energy,Hipples,Windenergieanlagen,Wind,,2000,Österreich,,,oekostrom Handels GmbH,oekostrom Handels GmbH,4620,,,
Greenpeace Energy,Höflein (Ökoenergie Management GmbH),Windenergieanlagen,Wind,,2004,Österreich,,,oekostrom Handels GmbH,oekostrom Handels GmbH,4000,,,
Greenpeace Energy,Hollern,Windenergieanlagen,Wind,,2004,Österreich,,,oekostrom Handels GmbH,oekostrom Handels GmbH,18000,,,
Greenpeace Energy,"Ing. Schartner Rudolf, WP Japons",Windenergieanlagen,Wind,,2005,Österreich,,,oekostrom Handels GmbH,oekostrom Handels GmbH,2000,,,
Greenpeace Energy,Kreuzstetten,Windenergieanlagen,Wind,,2005,Österreich,,,oekostrom Handels GmbH,oekostrom Handels GmbH,26000,,,
Greenpeace Energy,LGM ,Windenergieanlagen,Wind,,2004,Österreich,,,oekostrom Handels GmbH,oekostrom Handels GmbH,2000,,,
Greenpeace Energy,Markgrafneusiedl II,Windenergieanlagen,Wind,,2006,Österreich,,,oekostrom Handels GmbH,oekostrom Handels GmbH,3600,,,
Greenpeace Energy,Mönchhof,Windenergieanlagen,Wind,,2001,Österreich,,,VERBUND Renewable Power GmbH,VERBUND Renewable Power GmbH,10000,,,
Greenpeace Energy,Norden 2 (Bulla),Windenergieanlagen,Wind,,1991,Deutschland ,,(Niedersachsen),GPE Direktvermarktung,GPE Direktvermarktung,150,,,
Greenpeace Energy,Norden 3 (Bulla),Windenergieanlagen,Wind,,1994,Deutschland ,,(Niedersachsen),GPE Direktvermarktung,GPE Direktvermarktung,230,,,
Greenpeace Energy,Oberrödham (Energie von A bis Z GmbH & Co),Windenergieanlagen,Wind,,1999,Österreich,,,oekostrom Handels GmbH,oekostrom Handels GmbH,1980,,,
Greenpeace Energy,Pannonia (KG Mönchhof),Windenergieanlagen,Wind,,2003,Österreich,,,oekostrom Handels GmbH,oekostrom Handels GmbH,4000,,,
Greenpeace Energy,Parndorf,Windenergieanlagen,Wind,,2003,Österreich,,,oekostrom Handels GmbH,oekostrom Handels GmbH,7500,,,
Greenpeace Energy,Parndorf 2,Windenergieanlagen,Wind,,2004,Österreich,,,oekostrom Handels GmbH,oekostrom Handels GmbH,12000,,,
Greenpeace Energy,Petronell-Carnuntum GmbH,Windenergieanlagen,Wind,,2004,Österreich,,,VERBUND Renewable Power GmbH,VERBUND Renewable Power GmbH,22000,,,
Greenpeace Energy,Pömmern (FranzBollwein),Windenergieanlagen,Wind,,1996,Österreich,,,oekostrom Handels GmbH,oekostrom Handels GmbH,200,,,
Greenpeace Energy,Potzneusiedl ,Windenergieanlagen,Wind,,2004,Österreich,,,oekostrom Handels GmbH,oekostrom Handels GmbH,4000,,,
Greenpeace Energy,Poysdorf und  Wilfersdorf,Windenergieanlagen,Wind,,2005,Österreich,,,oekostrom Handels GmbH,oekostrom Handels GmbH,18000,,,
Greenpeace Energy,Präbichl (AlexandraSchartner),Windenergieanlagen,Wind,,2001,Österreich,,,oekostrom Handels GmbH,oekostrom Handels GmbH,600,,,
Greenpeace Energy,Rannersdorf,Windenergieanlagen,Wind,,2005,Österreich,,,oekostrom Handels GmbH,oekostrom Handels GmbH,8000,,,
Greenpeace Energy,Simonsfeld ,Windenergieanlagen,Wind,,2003,Österreich,,,oekostrom Handels GmbH,oekostrom Handels GmbH,18000,,,
Greenpeace Energy,Soltau Moide,Windenergieanlagen,Wind,,2006,Deutschland ,,(Niedersachsen),GPE Direktvermarktung,GPE Direktvermarktung,1300,,,
Greenpeace Energy,Steiglberg,Windenergieanlagen,Wind,,2002,Österreich,,,oekostrom Handels GmbH,oekostrom Handels GmbH,2000,,,
Greenpeace Energy,Steindlberg,Windenergieanlagen,Wind,,2001,Österreich,,,oekostrom Handels GmbH,oekostrom Handels GmbH,1320,,,
Greenpeace Energy,Wolkersdorf,Windenergieanlagen,Wind,,2003,Österreich,,,oekostrom Handels GmbH,oekostrom Handels GmbH,6600,,,
Greenpeace Energy,Sunnic Lighthouse Solar Invest 2 GmbH ,Solar,Solar,,2015,Deutschland,,Sachsen-Anhalt,Sunnic Lighthouse GmbH,Sunnic Lighthouse GmbH,2200,,,
Greenpeace Energy,Zeithain BA 4 und 5,Solar,Solar,,2018,Deutschland,,Sachsen-Anhalt,Sunnic Lighthouse GmbH,Sunnic Lighthouse GmbH,29413,,,
grün.power,SP Alzey,Solar,Solar,E31416015500060160019E00059700300,2018,Deutschland,Alzey,Rheinland-Pfalz,Martin Berkenkamp,Privatperson,213,"1353,923",kWh,
grün.power,SP Kirchhardt,Solar,Solar,E10843010000000000000084504200000,2015,Deutschland,Kirchardt,Baden-Württemberg,EnerGeno Kirchardt GbR,Projektierer und Betreiber auf genossenschatlicher Basis,2922,"34364,133",kWh,
grün.power,WP Ebersheim Nord,Windenergieanlagen,Wind,E31060010000000072131001000100095,2000,Deutschland,Mainz-Ebersheim,Rheinland-Pfalz,Rheinwind GmbH & Co. KG,Unabhängiger Projektierer und Betreiber aus der Region,600,"7008,242",kWh,
grün.power,WP Ebersheim Süd,Windenergieanlagen,Wind,E31060010000000072260994100100283,2007,Deutschland,Mainz-Ebersheim,Rheinland-Pfalz,GAIA mbh,Unabhängiger Projektierer und Betreiber aus der Region,800,"41264,455",kWh,
grün.power,WP Ebersheim Süd,Windenergieanlagen,Wind,E31060010000000072280991000100070,2000,Deutschland,Mainz-Ebersheim,Rheinland-Pfalz,GAIA mbh,Unabhängiger Projektierer und Betreiber aus der Region,600,0,kWh,
grün.power,WP Ebersheim Süd,Windenergieanlagen,Wind,E31060010000000072280991000100384,2000,Deutschland,Mainz-Ebersheim,Rheinland-Pfalz,GAIA mbh,Unabhängiger Projektierer und Betreiber aus der Region,600,0,kWh,
grün.power,WP Ebersheim Süd,Windenergieanlagen,Wind,E31060010000000072280991000100385,2001,Deutschland,Mainz-Ebersheim,Rheinland-Pfalz,GAIA mbh,Unabhängiger Projektierer und Betreiber aus der Region,600,0,kWh,
grün.power,WP Friedrichskoog WP2,Windenergieanlagen,Wind,E20793018000000000000002800000001,1999,Deutschland,Friedrichskoog,Schleswig-Holstein,HAJJ Windpark Friedrichskoog GmbH & Co. KG,Unabhängiger Projektierer und Betreiber,450,"18043,615",kWh,
grün.power,WP Friedrichskoog WP2,Windenergieanlagen,Wind,E20793018000000000000002800000002,1999,Deutschland,Friedrichskoog,Schleswig-Holstein,HAJJ Windpark Friedrichskoog GmbH & Co. KG,Unabhängiger Projektierer und Betreiber,600,0,kWh,
grün.power,WP Friedrichskoog WP2,Windenergieanlagen,Wind,E20793018000000000000002800000003,1999,Deutschland,Friedrichskoog,Schleswig-Holstein,HAJJ Windpark Friedrichskoog GmbH & Co. KG,Unabhängiger Projektierer und Betreiber,600,0,kWh,
grün.power,WP Kandrich 1,Windenergieanlagen,Wind,E31238010000010120000008529201417,1999,Deutschland,Daxweiler,Rheinland-Pfalz,GEDEA-Ingelheim GmbH & Co. WKA Ingelheimer Wald / Kandrich KG,Unabhängiger Projektierer und Betreiber aus der Region,1500,"4937,842",kWh,
grün.power,WP Kandrich 1,Windenergieanlagen,Wind,E31238010000010120000008529201418,2000,Deutschland,Daxweiler,Rheinland-Pfalz,GEDEA-Ingelheim GmbH & Co. WKA Ingelheimer Wald / Kandrich KG,Unabhängiger Projektierer und Betreiber aus der Region,1800,0,kWh,
grün.power,WP Kandrich 1,Windenergieanlagen,Wind,E31238010000010120000008529219428,2005,Deutschland,Daxweiler,Rheinland-Pfalz,GEDEA-Ingelheim GmbH & Co. WKA Ingelheimer Wald / Kandrich KG,Unabhängiger Projektierer und Betreiber aus der Region,2000,0,kWh,
grün.power,Töging am Inn,Laufwasserkraftwerk,Wasser,keine EEG-Anlage,1924,Deutschland,Töging am Inn,Bayern,VERBUND Innkraftwerke GmbH,VERBUND Innkraftwerke GmbH,85000,"699546,79",kWh,nein
Mann-Naturenergie,Töging am Inn,Laufwasserkraftwerk,Wasser,,1924,Deutschland,Töging am Inn,,VERBUND Innkraftwerke GmbH,VERBUND Innkraftwerke GmbH,85000,,,
Mann-Naturenergie,Ybbs-Persenbeug,Laufwasserkraftwerk,Wasser,,1975,Österreich,,,VERBUND Hydro Power GmbH,VERBUND Hydro Power GmbH,236500,,,
Mann-Naturenergie,Freudenau,Laufwasserkraftwerk,Wasser,,1998,Deutschland,,,VERBUND Hydro Power GmbH,VERBUND Hydro Power GmbH,57333,,,
Naturstrom,Egglfing,Laufwasserkraftwerk,Wasser,,1905,Deutschland,,Bayern,VERBUND AG,Grenzkraftwerke GmbH,84000,321685,MW,
Naturstrom,Ering,Laufwasserkraftwerk,Wasser,,1942,Deutschland,,Bayern,"VERBUND Hydro Power GmbH, Innwerk AG",Grenzkraftwerke GmbH,72500,35336,MW,
Naturstrom,Passau-Ingling,Laufwasserkraftwerk,Wasser,,1965,Deutschland,,Bayern,Österreichisch-Bayerische Kraftwerke AG,Österreichisch-Bayerische Kraftwerke AG,86400,47826,MW,
Naturstrom,Landesbergen Wasser,Laufwasserkraftwerk,Wasser,,1960,Deutschland,,Niedersachsen,Statkraft AS,Statkraft AS,9000,24993,MW,
Naturstrom,Langwedel,Laufwasserkraftwerk,Wasser,,1958,Deutschland,,Niedersachsen,Statkraft AS,Statkraft AS,10600,36852,MW,
Naturstrom,Nußdorf,Laufwasserkraftwerk,Wasser,,1982,Deutschland,,Bayern,"Österreichisch-Bayerische Kraftwerke AG, Innwerk AG","Österreichisch-Bayerische Kraftwerke AG, Innwerk AG",48000,39462,MW,
Naturstrom,Perach,Laufwasserkraftwerk,Wasser,,1977,Deutschland,,Bayern,VERBUND Innkraftwerke GmbH,VERBUND Innkraftwerke GmbH,19400,20226,MW,
Naturstrom,Stammham,Laufwasserkraftwerk,Wasser,,1955,Deutschland,,Bayern,VERBUND Innkraftwerke GmbH,VERBUND Innkraftwerke GmbH,23200,11337,MW,
Naturstrom,Wasserkraft Quinckeweg,Speicher-Wasserkraftwerk,Wasser,,1910,Deutschland,,Nordrhein-Westfalen,Privatperson,Privatperson,250,286,MW,
Naturstrom,Windpark Stöttener Berg,Onshore-Windkraftwerk,Wind,,1905,Deutschland,,Baden-Württemberg,Windpark Stöttener Berg GmbH & Co. KG,Windpark Stöttener Berg GmbH & Co. KG,2700,261,MW,
Naturstrom,WP Herzebrock,Onshore-Windkraftwerk,Wind,,2017,Deutschland,,Nordrhein-Westfalen,Windpark Möhler GmbH & Co. KG,Windpark Möhler GmbH & Co. KG,2400,1531,MW,
Naturstrom,WP Herzebrock,Windenergieanlagen,Wind,,2017,Deutschland,,Nordrhein-Westfalen,Windpark Möhler GmbH & Co. KG,Windpark Möhler GmbH & Co. KG,2400,500,MW,
Naturstrom,Langwedel,Laufwasserkraftwerk,Wasser,,1958,Deutschland,,Niedersachsen,Statkraft AS,Statkraft AS,10600,604,MW,
Naturstrom,Nußdorf,Laufwasserkraftwerk,Wasser,,1982,Deutschland,,Bayern,"Österreichisch-Bayerische Kraftwerke AG, Innwerk AG","Österreichisch-Bayerische Kraftwerke AG, Innwerk AG",48000,26793,MW,
Naturstrom,Passau-Ingling,Laufwasserkraftwerk,Wasser,,1965,Deutschland,,Bayern,Österreichisch-Bayerische Kraftwerke AG,Österreichisch-Bayerische Kraftwerke AG,86400,36819,MW,
Naturstrom,Wehrmaschine Rottau,Laufwasserkraftwerk,Wasser,,1979,Österreich,,,VERBUND Hydro Power GmbH,VERBUND Hydro Power GmbH,768,137,MW,
Naturstrom,Wehrmaschine St. Martin (KW Rosegg),Laufwasserkraftwerk,Wasser,,1973,Österreich,,,VERBUND Hydro Power GmbH,VERBUND Hydro Power GmbH,947,471,MW,
Naturstrom,Niklai 1&2,Laufwasserkraftwerk,Wasser,,1959,Österreich,,,VERBUND Hydro Power GmbH,VERBUND Hydro Power GmbH,1635,668,MW,
Naturstrom,Restwassermaschine KW Garsten,Laufwasserkraftwerk,Wasser,,1967,Österreich,,,Ennskraftwerke AG,Ennskraftwerke AG,1700,263,MW,
Naturstrom,Gunggl,Laufwasserkraftwerk,Wasser,,1992,Österreich,,,VERBUND Hydro Power GmbH,VERBUND Hydro Power GmbH,3960,9,MW,
Naturstrom,Leoben,Laufwasserkraftwerk,Wasser,,2005,Österreich,,,VERBUND Hydro Power GmbH,VERBUND Hydro Power GmbH,9900,516,MW,
Naturstrom,Paternion (AHP) 1,Laufwasserkraftwerk,Wasser,,1987,Österreich,,,VERBUND Hydro Power GmbH,VERBUND Hydro Power GmbH,11750,6896,MW,
Naturstrom,Kellerberg (AHP) 1,Laufwasserkraftwerk,Wasser,,1985,Österreich,,,VERBUND Hydro Power GmbH,VERBUND Hydro Power GmbH,12300,440,MW,
Naturstrom,St Johann (AHP) 1,Laufwasserkraftwerk,Wasser,,1990,Österreich,,,"VERBUND Hydro Power GmbH, Salzburg AG","VERBUND Hydro Power GmbH, Salzburg AG",16500,248,MW,
Naturstrom,Weyer,Laufwasserkraftwerk,Wasser,,1970,Österreich,,,Ennskraftwerke AG,Ennskraftwerke AG,18600,3659,MW,
Naturstrom,Klaus,Laufwasserkraftwerk,Wasser,,1975,Österreich,,,Ennskraftwerke AG,Ennskraftwerke AG,19600,1365,MW,
Naturstrom,Annabrücke (AHP) 1,Laufwasserkraftwerk,Wasser,,1982,Österreich,,,VERBUND Hydro Power GmbH,VERBUND Hydro Power GmbH,22500,405,MW,
Naturstrom,Mühlrading,Laufwasserkraftwerk,Wasser,,1948,Österreich,,,Ennskraftwerke AG,Ennskraftwerke AG,24800,2682,MW,
Naturstrom,St. Pantaleon,Laufwasserkraftwerk,Wasser,,1965,Österreich,,,Ennskraftwerke AG,Ennskraftwerke AG,26700,1842,MW,
Naturstrom,Reißeck/Kreuzeck (AHP) 1,Pumpspeicher-Wasserkraftwerk,Wasser,,1960,Österreich,,,VERBUND Hydro Power GmbH,VERBUND Hydro Power GmbH,30467,1380,MW,
Naturstrom,Freudenau (AHP) 1,Laufwasserkraftwerk,Wasser,,1998,Österreich,,,VERBUND Hydro Power GmbH,VERBUND Hydro Power GmbH,57333,48897,MW,
Naturstrom,Rosegg-St. Jakob (AHP) 1,Laufwasserkraftwerk,Wasser,,1973,Österreich,,,VERBUND Hydro Power GmbH,VERBUND Hydro Power GmbH,80000,349,MW,
Naturstrom,Feistritz-Ludmannsdorf (AHP) 2,Laufwasserkraftwerk,Wasser,,1968,Österreich,,,VERBUND Hydro Power GmbH,VERBUND Hydro Power GmbH,88000,236,MW,
Naturstrom,"Schärding-Neuhaus, Fluss-km 18,8",Laufwasserkraftwerk,Wasser,,1961,Österreich,,,Österreichisch-Bayerische Kraftwerke AG,Österreichisch-Bayerische Kraftwerke AG,96000,10922,MW,
Naturstrom,Abwinden-Asten (AHP) 1,Laufwasserkraftwerk,Wasser,,1979,Österreich,,,VERBUND Hydro Power GmbH,VERBUND Hydro Power GmbH,168000,87360,MW,
Naturstrom,Melk (AHP) 1,Laufwasserkraftwerk,Wasser,,1982,Österreich,,,VERBUND Hydro Power GmbH,VERBUND Hydro Power GmbH,187000,17446,MW,
Naturstrom,Wallsee-Mitterkirchen (AHP),Laufwasserkraftwerk,Wasser,,1968,Österreich,,,VERBUND Hydro Power GmbH,VERBUND Hydro Power GmbH,210000,54635,MW,
Naturstrom,Ybbs-Persenbeug,Laufwasserkraftwerk,Wasser,,1975,Österreich,,,VERBUND Hydro Power GmbH,VERBUND Hydro Power GmbH,236500,18128,MW,
Naturstrom,Malta-Hauptstufe (AHP),Pumpspeicher-Wasserkraftwerk,Wasser,,1976,Österreich,,,VERBUND Hydro Power GmbH,VERBUND Hydro Power GmbH,730000,63580,MW,
Naturstrom,Perach,Laufwasserkraftwerk,Wasser,,1977,Deutschland,,Bayern,VERBUND Innkraftwerke GmbH,VERBUND Innkraftwerke GmbH,19400,4105,MW,
Polarstern,Feldkirchen ,Laufwasserkraftwerk,Wasser,439990210000004000,1970,Deutschland,Feldkirchen ,Bayern,  VERBUND Innkraftwerke GmbH,  VERBUND Innkraftwerke GmbH,38000,15% der IST-Erzeugung ,,nein
Bürgerwerke,PV-Anlage Ehningen,PV-Anlage,Solar,439990210000012000,1905,Deutschland,72351 Geislingen-Binsdorf,Baden-Württemberg,Streubesitz Genossenschaftsmitglieder,Bürgerenergie Zollernalb eG (Mitgliedsgenossenschaft der Bürgerwerke),612,,,nein
Bürgerwerke,PV-Anlage Neuler,PV-Anlage,Solar,439990210000012000,2013,Deutschland,73479 Ellwangen,Baden-Württemberg,Streubesitz Genossenschaftsmitglieder,Energiegenossenschaft Virngrund eG (Mitgliedsgenossenschaft der Bürgerwerke),282,,,nein
Bürgerwerke,PV-Anlage Rückersdorf,PV-Anlage,Solar,439990210000012000,2014,Deutschland,74076 Heilbronn,Bayern,"85% EnerGeno Heilbronn-Franken eG (Mitgliedsgenossenschaft der Bürgerwerke)
15% BEG Neckar-Odenwald eG (Mitgliedsgenossenschaft der Bürgerwerke)",energeno Rückersdorf GbR,1796,,,ja
Bürgerwerke,WKA Neutscher Höhe,Windkraftanlage,Wind,439990210000012000,2011,Deutschland,64646 Heppenheim,Hessen,"51 % Energiegenossenschaft Starkenburg eG (Mitgliedsgenossenschaft der Bürgerwerke)
49 % Energiegenossenschaft Odenwald eG",Windstark-1 GmbH & Co. KG,2050,,,nein
Bürgerwerke,PV-Anlage Kirchardt,PV-Anlage,Solar,439990210000013000,2015,Deutschland,74076 Heilbronn,Baden-Württemberg,"55% EnerGeno Heilbronn-Franken eG (Mitgliedsgenossenschaft der Bürgerwerke)
15% BEG Adersbach-Sinsheim-Kraichgau eG (Mitgliedsgenossenschaft der Bürgerwerke)
15% BEG Neckar-Odenwald eG (Mitgliedsgenossenschaft der Bürgerwerke)
15% Bürgerenergie Zabergäu",energeno Kirchardt GbR,2940,,,ja
Bürgerwerke,PV-Anlage Rittersdorf,PV-Anlage,Solar,439990210000011000,2013,Deutschland,99423 Weimar,Thüringen,Streubesitz Genossenschaftsmitglieder,Energiegenossenschaft Ilmtal eG (Mitgliedsgenossenschaft der Bürgerwerke),1496,,,nein
Bürgerwerke,PV-Anlage Illerich,PV-Anlage,Solar,439990210000014000,2014,Deutschland,56814 Illerich,Rheinland-Pfalz,Streubesitz Genossenschaftsmitglieder,Bürgerenergiegenossenschaft Sonnenland Illerich eG (Mitgliedsgenossenschaft der Bürgerwerke),739,,,nein
Bürgerwerke,PV-Anlage Steinkraut,PV-Anlage,Solar,439990210000014000,2013,Deutschland,57610 Altenkirchen,Rheinland-Pfalz,Streubesitz Genossenschaftsmitglieder,Maxwäll Energie-Genossenschaft eG (Mitgliedsgenossenschaft der Bürgerwerke),2480,,,nein
Bürgerwerke,PV-Anlage Schloßgymnasium,PV-Anlage,Solar,439990210000014000,2013,Deutschland,73230 Kirchheim/Teck,Baden-Württemberg,Streubesitz Genossenschaftsmitglieder,Teckwerke Bürgerenergie eG (Mitgliedsgenossenschaft der Bürgerwerke),100,,,nein
Bürgerwerke,PV-Anlage Oberndorf-Boll,PV-Anlage,Solar,439990210000014000,2016,Deutschland,72351 Geislingen-Binsdorf,Baden-Württemberg,Streubesitz Genossenschaftsmitglieder,Bürgerenergie Zollernalb eG (Mitgliedsgenossenschaft der Bürgerwerke),920,,,ja
Bürgerwerke,PV-Anlage Lintig,PV-Anlage,Solar,439990210000013000,2016,Deutschland,74076 Heilbronn,Niedersachsen,Streubesitz Genossenschaftsmitglieder,EnerGeno Heilbronn-Franken eG (Mitgliedsgenossenschaft der Bürgerwerke),2869,,,ja
Bürgerwerke,Töging,Wasserkraft,Wasser,439990210000003000,1924,Deutschland,84513 Töging,Bayern, VERBUND Innkraftwerke GmbH ,VERBUND Innkraftwerke GmbH,85000,,,nein
EWS Schönau,Braskereidfoss  ,Laufwasserkraftwerk,Wasser,_707052300010012170,2016,,Våler kommune; Hedmark,,Im Besitz von Eidsiva Energi AS; im Besitz von Hedmark Fylkeskraft AS und weiteren Unternehmen; mit rund 20 Kommunen,Eidsiva vannkraft,36000,14877,,
EWS Schönau,Døvikfoss Kraftstasjon ,Laufwasserkraftwerk,Wasser,_707052300010004281,2015,,Modum kommune; Bruskerud,,Glitre Energi= Vardar AS; Drammen Kommune,Ecohz,16800,3203,,
EWS Schönau,Harpefossen  ,Laufwasserkraftwerk,Wasser,_707052300010012002,1965,,Sør-Fron kommune; Oppland,,Opplandskraft DA (Akershus Energi besitzt 25 Prozent der Opplandskraft DA),Ecohz,92000,7029,,
EWS Schönau,Holsen  ,Laufwasserkraftwerk,Wasser,_707052300010019933,2017,,Holsavatnet,,Hauptaktioär: Lundeberg AS; die wiederum:  Msf Consulting AS ; Abs Consulting AS ; Infotechconsult AS, Nordic Green Power,8600,9841,,
EWS Schönau,Kverninga  ,Laufwasserkraftwerk,Wasser,_707052300010017700,2013,,Rendalen kommune; Hedmark,,Aktionäre: Knut Erlend Hagen; Jørn Heiberg,Kverninga Kraftverk AS,2800,6170,,
EWS Schönau,Løpet  ,Laufwasserkraftwerk,Wasser,_707052300010012248,2013,,Åmot kommune; Hedmark,,Eidsiva vannkraft AS / Hauptaktionär: Eidsiva Energi AS / Hauptaktionär: Hedmark Fylkeskraft AS,Ecohz,29000,10048,,
EWS Schönau,Mykstufoss  ,Laufwasserkraftwerk,Wasser,_707052300010010282,2013,,Gemeinde Rollag; Buskerud,,EB Kraftproduksjon AS /// Glitre Energi (70%); E-CO Energi (30%) ///  Glitre Energi= Vardar AS; Drammen Kommune,Ecohz,48000,7835,,
EWS Schönau,Øverdal  ,Laufwasserkraftwerk,Wasser,_707052300010016871,2012,,Roan kommune; Sør-Trøndelag,,Øverdal Kraftverk AS: diverse private Personen / Single purpose company owned by local farmers/landowners operating one small scale hydro power plant,Øverdal Kraftverk AS (Registrant: ECOHZ AS),500,2445,,
EWS Schönau,Rendalen  ,Laufwasserkraftwerk,Wasser,_707052300010012026,2013,,Rendalen; 2485 Rendalen; Norwegen,,Opplandskraft DA ein Joint Venture von E-CO Energi AS (Anteil 25%);  Oppland Energi AS der Tochtergesellschaft von E-CO Energi AS (Anteil 25%); Eidsiva Vannkraft AS (Anteil 25 %) und Akershus Energi AS (Anteil 25 %)  Opplandkraft DA: Industrigata 45; 2619 Lillehammer; Norwegen E-CO Energie AS: C. J. Hambros plass 2C; Oslo Oppland Energi AS: Industrigt. 45; Lillehammer Eidsiva Vannkraft AS: Industrigata 45; 2619 Lillehammer Akershus Energi AS: Pausvegen 6; 1927 Rånåsfoss; Norwegen,Opplandskraft DA (Registrant: ECOHZ AS),100500,42120,,
EWS Schönau,Solbergfoss  ,Laufwasserkraftwerk,Wasser,_707052300010010138,2015,,Askim kommune; Østfold,,(2/3) E-Co Energi AS > E-Co Energi Holding AS > Oslo Kommune; (1/3) Statkraft,E-Co Energi AS,208000,14,,
EWS Schönau,Usma  ,Laufwasserkraftwerk,Wasser,_707052300010017304,2013,,Selbu kommune; Trøndelag,,TrønderEnergi / Hauptaktionär: Melhus Kommune,Ecohz,9980,15973,,
EWS Schönau,Vossedalselvi  ,Laufwasserkraftwerk,Wasser,_707052300010019957,2017,,Voss kommune; Hordaland,,Hauptaktioär: Lundeberg AS; die wiederum:  Msf Consulting AS ; Abs Consulting AS ; Infotechconsult AS,Nordic Green Power,7100,7577,,
EWS Schönau,Gols ,Onshore-Windkraftwerk,Wind,,2005,,,,,WEB Windenergie AG,undefined,6401,,
EWS Schönau,Grafenschlag ,Onshore-Windkraftwerk,Wind,,1997,,,,,WEB Windenergie AG,undefined,1155,,
EWS Schönau,Hagenbrunn I,Onshore-Windkraftwerk,Wind,,1996,,,,,WEB Windenergie AG,undefined,844,,
EWS Schönau,Hagenbrunn II-IV,Onshore-Windkraftwerk,Wind,,2000,,,,,WEB Windenergie AG,undefined,2873,,
EWS Schönau,Hartlauer Handels-GesmbH ,Onshore-Windkraftwerk,Wind,,2003,,,,,Hartlauer Handels-GesmbH ,undefined,723,,
EWS Schönau,Matzen ,Onshore-Windkraftwerk,Wind,,2000,,,,,WEB Windenergie AG,undefined,1343,,
EWS Schönau,Michelbach ,Onshore-Windkraftwerk,Wind,,1995,,,,,WEB Windenergie AG,undefined,290,,
EWS Schönau,Neuhof 1,Onshore-Windkraftwerk,Wind,,2003,,,,,WEB Windenergie AG,undefined,34527,,
EWS Schönau,Neuhof 2,Onshore-Windkraftwerk,Wind,,2005,,,,,WEB Windenergie AG,undefined,3746,,
EWS Schönau,Oberstrahlbach ,Onshore-Windkraftwerk,Wind,,1997,,,,,WEB Windenergie AG,undefined,1516,,
EWS Schönau,Parbasdorf I,Onshore-Windkraftwerk,Wind,,1998,,,,,WEB Windenergie AG,undefined,2659,,
EWS Schönau,Parndorf ,Onshore-Windkraftwerk,Wind,,2005,,,,,WEB Windenergie AG,undefined,831,,
EWS Schönau,Pottenbrunn I-V,Onshore-Windkraftwerk,Wind,,1998,,,,,WEB Windenergie AG,undefined,3424,,
EWS Schönau,Pottenbrunn VI-VII,Onshore-Windkraftwerk,Wind,,2000,,,,,WEB Windenergie AG,undefined,1654,,
EWS Schönau,Seyring I,Onshore-Windkraftwerk,Wind,,1997,,,,,WEB Windenergie AG,undefined,988,,
EWS Schönau,Seyring II,Onshore-Windkraftwerk,Wind,,2000,,,,,WEB Windenergie AG,undefined,948,,
EWS Schönau,Seyring III,Onshore-Windkraftwerk,Wind,,2000,,,,,WEB Windenergie AG,undefined,1184,,
EWS Schönau,Stattersdorf ,Onshore-Windkraftwerk,Wind,,2005,,,,,WEB Windenergie AG,undefined,1965,,
EWS Schönau,Vösendorf ,Onshore-Windkraftwerk,Wind,,1996,,,,,WEB Windenergie AG,undefined,720,,
EWS Schönau,WEA Sternwald 1,Onshore-Windkraftwerk,Wind,,2003,,,,,WEA Sternwald 1,undefined,1440,,
EWS Schönau,WEB Windenergie AG,Onshore-Windkraftwerk,Wind,,1996,,,,,KW Windkraft Reittern,undefined,489,,
EWS Schönau,Windkraftanlage ,Onshore-Windkraftwerk,Wind,,2003,,,,,Zukunfts-Energie Gesellschaft mbH;,undefined,1146,,
EWS Schönau,Windpark Langmannersdorf,Onshore-Windkraftwerk,Wind,,2004,,,,,WEB Windenergie AG;,undefined,5622,,
EWS Schönau,Windpark Sternwald II,Onshore-Windkraftwerk,Wind,,2005,,,,,Windpark Sternwald II,undefined,1304,,
EWS Schönau,WP Markgrafneusiedl ,Onshore-Windkraftwerk,Wind,,2003,,,,,WP Markgrafneusiedl ,undefined,1148,,
EWS Schönau,APV  ,Photovoltaik,Solar,,2017,,,,,APV  ,undefined,115,,
EWS Schönau,Hissmofors stn 6,Speicher-Wasserkraftwerk,Wasser,_643002406616003140,2013,,Nähe Östersund; Schweden,,Jämtkraft AB (Anteil 100%) im Besitz von drei regionalen Gemeinden Jämtkraft AB: Jämtkraft AB; Box 394; 831 25 Östersund; Schweden,Jämtkraft AB,66000,147510,,
EWS Schönau,Bagn  ,Unspezifiziertes Wasserkraftwerk,Wasser,_707052300010008630,2012,,Sør-Aurdal kommune,,Oppland Energi AS: E-Co Energi AS / Eidsiva Vannkraft AS; Skagerak Kraft AS > Skagerak Energi AS > Statkraft Industrial Holding AS > Statkraft Industrial Holding AS; Skien Kommune ; Porsgrunn Kommune; Bamble Kommune,Oppland Energi AS; Skagerak Kraft AS,75500,4924,,
EWS Schönau,Brokke,Unspezifiziertes Wasserkraftwerk,Wasser,_707052300010007503,1964,,Valle kommune; Aust-Agder,,Otra Kraft / Hauptaktionär = Agder Energi Vannkraft AS,Otra Kraft (Agder Energi Vannkraft AS 68;6%; Skagerak Energi 31;4%),330000,15302,,
EWS Schönau,Evanger Kraftverk ,Unspezifiziertes Wasserkraftwerk,Wasser,_707052300010006902,2015,,Voss kommune; Hordaland,,Statkraft Industrial Holding AS 49;90 %; Bergen kommune 37;75 %; Askøy kommune 2;48 %; Lindås kommune 1;95 %; Fjell; kommune 1;89 %; Sund kommune 1;02 %; Kvam herad 0;90 %; Meland kommune 0;76 %; Radøy kommune 0;74 %; Voss kommune 0;62 %; Øygarden kommune 0;52 %; Austrheim kommune 0;43 %; Vaksdal kommune 0;37 %; Gulen kommune 0;27 %; Høyanger kommune 0;12 %; Fedje kommune 0;12 %; Masfjorden kommune 0;10 %; Granvin herad 0;05 %,BKK Produksjon AS,330000,6126,,
EWS Schönau,Fjellet  ,Unspezifiziertes Wasserkraftwerk,Wasser,_707052300010018202,2015,,Økteren; Fjellvannet (Skien),,Hauptaktionär: Arendals Fossekompani ASA; die wiederum: Ulfoss Invest AS; die wiederum: Vicama AS,Markedskraft AS,4300,10807,,
EWS Schönau,Folkedal  ,Unspezifiziertes Wasserkraftwerk,Wasser,_707052300010006032,2013,, Granvin Kommune; Hordaland ,, Single purpose company owned by local farmers/landowners operating one small scale hydro power plant ,Hardanger Energi AS (registrant: Nordic Green Power),4990,11553,,
EWS Schönau,Forsanvatn kraftverk ,Unspezifiziertes Wasserkraftwerk,Wasser,_707052300010017403,2013,, Forsanvatnet ,, SKS Gruppe; die wiederum: Salten Kraftsamband AS; die wiederum: Bodø Kommune ,SKS Handel AS,8800,15270,,
EWS Schönau,Forsanvatn minikraftverk ,Unspezifiziertes Wasserkraftwerk,Wasser,_707052300010017410,2013,, Forsanvatnet ,, SKS Gruppe; die wiederum: Salten Kraftsamband AS; die wiederum: Bodø Kommune ,SKS Handel AS,720,4380,,
EWS Schönau,Grytneselva  ,Unspezifiziertes Wasserkraftwerk,Wasser,_707052300010019346,2016,,Nesset kommune; Møre og Romsdal,,Clemens Kraft AS; Fridtjof Nansens plass 6; 0160 Oslo /// Mehrheitsaktionär (50;1%) ist der Bildungsfonds (OVF); die seit 1821 große Wald und Bodeneigenschaften hat es geschaffen. Heute unterliegt der Fonds des Bildungsfonds dem Kulturministerium; und das Geschäft ist in Abschnitt 116 der Verfassung geregelt. Die restlichen 49;9% gehören der CPV / CAP Pensionskasse Coop (CPV). Die CPV wurde 1909 gegründet und ist die Pensionskasse der Schweizer Coop-Gruppe.,Ecohz,5900,3449,,
EWS Schönau,Holsfossen  ,Unspezifiziertes Wasserkraftwerk,Wasser,_707052300010012194,2014,,Gausdal kommune; Oppland,,Eidsiva Energi AS > Hauptaktionär Hedmark Fylkeskraft AS > Hauptaktionär Hedmark Fylkeskommune,Eidsiva vannkraft,2200,3385,,
EWS Schönau,Istad kraftverk ,Unspezifiziertes Wasserkraftwerk,Wasser,_707052300010017557,2013,,Molde kommune; Møre og Romsdal,,Istad Kraft /// Istad Kraft ist eine hundertprozentige Tochtergesellschaft von Istad AS = 100 % Statkraft Industrial Holding AS,Ecohz,4800,4809,,
EWS Schönau,Matre Haugsdal ,Unspezifiziertes Wasserkraftwerk,Wasser,_707052300010007282,2016,,Masfjorden,,Statkraft Industrial Holding AS 49;90 %; Bergen kommune 37;75 %; Askøy kommune 2;48 %; Lindås kommune 1;95 %; Fjell kommune 1;89 %; Sund kommune 1;02 %; Kvam herad 0;90 %; Meland kommune 0;76 %; Radøy kommune 0;74 %; Voss kommune 0;62 %; Øygarden kommune 0;52 %; Austrheim kommune 0;43 %; Vaksdal kommune 0;37 %; Gulen kommune 0;27 %; Høyanger kommune 0;12 %; Fedje kommune 0;12 %; Masfjorden kommune 0;10 %; Granvin herad 0;05 %,BKK Produksjon AS,180000,1072,,
EWS Schönau,Nedre Vinstra ,Unspezifiziertes Wasserkraftwerk,Wasser,_707052300010011975,2014,,Nord-Fron kommune; Oppland,,E-CO Energi 40/60 - 66;67 % / Eidsiva Vannkraft 17/60 - 28;33 % / Stange Energi 3/60 - 5;00 %,Kinect,308000,2256,,
EWS Schönau,Øvre Vinstra ,Unspezifiziertes Wasserkraftwerk,Wasser,_707052300010012057,2016,,Nord-Fron kommune; Oppland,,Opplandskraft DA ein Joint Venture von E-CO Energi AS (Anteil 25%);  Oppland Energi AS der Tochtergesellschaft von E-CO Energi AS (Anteil 25%); Eidsiva Vannkraft AS (Anteil 25 %) und Akershus Energi AS (Anteil 25 %)  Opplandkraft DA: Industrigata 45; 2619 Lillehammer; Norwegen E-CO Energie AS: C. J. Hambros plass 2C; Oslo Oppland Energi AS: Industrigt. 45; Lillehammer Eidsiva Vannkraft AS: Industrigata 45; 2619 Lillehammer Akershus Energi AS: Pausvegen 6; 1927 Rånåsfoss; Norwegen,Ecohz,140000,9156,,
EWS Schönau,Rosten  ,Unspezifiziertes Wasserkraftwerk,Wasser,_707052300010020625,2018,,Sel kommune; Oppland,,Das Kraftwerk Rosten befindet sich im Eigentum von Oppland Energi AS (72 Prozent) und AS Eidefoss (28 Prozent). Oppland Energi AS ist im Besitz von E-CO Vannkraft AS (61 Prozent) und Eidsiva Vannkraft AS (39 Prozent). Eidefoss hat die Fallrechte an die Gemeinde Sel übernommen. ,Oppland Energi AS,80000,5852,,
EWS Schönau,Seterkraft  ,Unspezifiziertes Wasserkraftwerk,Wasser,_707052300010017878,2014,,Sunndal kommune; Møre og Romsdal,,Seterkraft AS: Knut Sæther 41%; Psaktiv AS 13.39%; John Erstad 13.26%; Magnus Edvard Sæther 9%; Ole Petter Sjøholt 8.83%; Ole Anders Husby 8.83%; Gjermund Smistad 5.7%,Seterkraft AS (Registrant: ECOHZ AS),4740,9566,,
EWS Schönau,Smådøla kraftverk ,Unspezifiziertes Wasserkraftwerk,Wasser,_707052300010018400,2015,,Smådøla,,Hauptaktionär: Arendals Fossekompani ASA; die wiederum: Ulfoss Invest AS; die wiederum: Vicama AS,Markedskraft AS,13700,19588,,
EWS Schönau,Steinåga  ,Unspezifiziertes Wasserkraftwerk,Wasser,_707052300010017380,2013,,Steinåga,, SKS Gruppe; die wiederum: Salten Kraftsamband AS; die wiederum: Bodø Kommune ,SKS Handel AS,5400,13985,,
EWS Schönau,Steinsland Kraftverk ,Unspezifiziertes Wasserkraftwerk,Wasser,_707052300010007312,2013,,Modalen,,Statkraft Industrial Holding AS 49;90 % Bergen kommune 37;75 % Askøy kommune 2;48 % Lindås kommune 1;95 % Fjell kommune 1;89 % Sund kommune 1;02 % Kvam herad 0;90 % Meland kommune 0;76 % Radøy kommune 0;74 % Voss kommune 0;62 % Øygarden kommune 0;52 % Austrheim kommune 0;43 % Vaksdal kommune 0;37 % Gulen kommune 0;27 % Høyanger kommune 0;12 % Fedje kommune 0;12 % Masfjorden kommune 0;10 % Granvin herad 0;05 %,BKK Produksjon AS,170000,4742,,
EWS Schönau,Svartelva  ,Unspezifiziertes Wasserkraftwerk,Wasser,_707052300010009088,2016,,Rissa kommune; Sør-Trøndelag,,Trønderenergi AS > u. a. Melhus kommune; Orkdal Kommune; Kommunal Landspensjonskasse und über 20 weitere Kommunen,TrønderEnergi Kraft AS,14000,1767,,
EWS Schönau,Torsnes Kraftverk ,Unspezifiziertes Wasserkraftwerk,Wasser,_707052300010017588,2013,,Veslavatnet ,,Hauptaktionär: Nordkraft AS; die wiederum: Narvik Kommune,Nordkraft Produksjon AS,7400,13635,,
EWS Schönau,Venna  ,Unspezifiziertes Wasserkraftwerk,Wasser,_707052300010017564,2013,,Snillfjord kommune; Sør-Trøndelag,,100 % Lars Petter Ven,Venna Kraft AS,2800,6364,,
EWS Schönau,Brokke  ,Unspezifiziertes Wasserkraftwerk,Wasser,,2014,,,,,Agder Energi,undefined,15302,,
EWS Schönau,Høgefoss  ,Unspezifiziertes Wasserkraftwerk,Wasser,,1919,,,,Agder Energi Vannkraft AS (100%),Agder Energi Vannkraft AS (100%),undefined,34687,,
EWS Schönau,Holen 3 ,Unspezifiziertes Wasserkraftwerk,Wasser,,1987,,,,Otra Kraft (Agder Energi Vannkraft AS 68;6%; Skagerak Energi 31;4%),Otra Kraft (Agder Energi Vannkraft AS 68;6%; Skagerak Energi 31;4%),undefined,4749,,
EWS Schönau,Holen I-II ,Unspezifiziertes Wasserkraftwerk,Wasser,,1981,,,,Otra Kraft (Agder Energi Vannkraft AS 68;6%; Skagerak Energi 31;4%),Otra Kraft (Agder Energi Vannkraft AS 68;6%; Skagerak Energi 31;4%),undefined,11037,,
EWS Schönau,Hovatn  ,Unspezifiziertes Wasserkraftwerk,Wasser,,1971,,,,Agder Energi Vannkraft AS (100%),Agder Energi Vannkraft AS (100%),undefined,6860,,
EWS Schönau,Iveland  ,Unspezifiziertes Wasserkraftwerk,Wasser,,1949,,,,Agder Energi Vannkraft AS (100%),Agder Energi Vannkraft AS (100%),undefined,347,,
EWS Schönau,Jørundland  ,Unspezifiziertes Wasserkraftwerk,Wasser,,1970,,,,Agder Energi Vannkraft AS (100%),Agder Energi Vannkraft AS (100%),undefined,11718,,
EWS Schönau,Logna  ,Unspezifiziertes Wasserkraftwerk,Wasser,,1961,,,,Agder Energi Vannkraft AS (100%),Agder Energi Vannkraft AS (100%),undefined,8300,,
EWS Schönau,Smeland  ,Unspezifiziertes Wasserkraftwerk,Wasser,,1985,,,,Agder Energi Vannkraft AS (100%),Agder Energi Vannkraft AS (100%),undefined,6314,,
